iso_lab,Name
AD,ANDORRA
AE,UNITED ARAB EMIRATES
AF,AFGHANISTAN
AG,ANTIGUA AND BARBUDA
AI,ANGUILLA
AL,ALBANIA
AM,ARMENIA
AN,NETHERLANDS ANTILLES (incl. ARUBA->1986)
AO,ANGOLA
AQ,ANTARCTICA
AR,ARGENTINA
AS,AMERICAN SAMOA
AT,AUSTRIA
AU,AUSTRALIA
AW,ARUBA
AZ,AZERBAIJAN
BA,BOSNIA AND HERZEGOVINA
BB,BARBADOS
BD,BANGLADESH
BE,BELGIUM (and LUXBG -> 1998)
BF,BURKINA FASO  (UPPER VOLTA -> 1985)
BG,BULGARIA
BH,BAHRAIN
BI,BURUNDI
BJ,BENIN (DAHOMEY -> 1976)
BL,SAINT BARTHELEMY
BM,BERMUDA
BN,BRUNEI DARUSSALAM (BRUNEI)
BO,BOLIVIA
BQ,"BONAIRE, SINT EUSTATIUS AND SABA"
BR,BRAZIL
BS,BAHAMAS
BT,BHUTAN
BV,BOUVET ISLAND
BW,BOTSWANA
BY,BELARUS (BELORUSSIA)
BZ,BELIZE
CA,CANADA
CC,"COCOS (KEELING), ISLANDS"
CD,"CONGO, DEMOCRATIC REPUBLIC OF (ZAIRE ->1997)"
CF,CENTRAL AFRICAN REPUBLIC
CG,CONGO
CH,SWITZERLAND (incl. LI->1994)
CI,COTE D'IVOIRE
CK,COOK ISLANDS
CL,CHILE
CM,CAMEROON
CN,CHINA (PEOPLE'S REPUBLIC OF)
CO,COLOMBIA
CR,COSTA RICA
CS,SERBIA AND MONTENEGRO (EU data from 01/01/04 to 31/05/05)
CU,CUBA
CV,CAPE VERDE
CW,CURACAO
CX,CHRISTMAS ISLAND
CY,CYPRUS
CZ,CZECH REPUBLIC (CS->1992)
DD,GERMANY DEMOCRATIC REPUBLIC
DE,GERMANY (incl DD from 1991)
DJ,DJIBOUTI (AFARS ISSAS->1977)
DK,DENMARK
DM,DOMINICA
DO,DOMINICAN REPUBLIC
DZ,ALGERIA
EC,ECUADOR
EE,ESTONIA
EG,EGYPT
EH,WESTERN SAHARA
ER,ERITREA
ES,SPAIN
ET,ETHIOPIA (incl. ERITREA ->1993)
FI,FINLAND
FJ,FIJI
FK,FALKLAND ISLANDS
FM,"MICRONESIA, FEDERATED STATES OF"
FO,FAROE ISLANDS
FR,FRANCE
GA,GABON
GB,UNITED KINGDOM
GD,GRENADA
GE,GEORGIA
GF,FRENCH GUIANA
GH,GHANA
GI,GIBRALTAR
GL,GREENLAND
GM,GAMBIA
GN,GUINEA
GP,GUADELOUPE
GQ,EQUATORIAL GUINEA
GR,GREECE
GS,SOUTH GEORGIA AND SOUTH SANDWICH ISLANDS
GT,GUATEMALA
GU,GUAM
GW,GUINEA-BISSAU
GY,GUYANA
HK,HONG KONG
HM,HEARD ISLAND AND MCDONALD ISLANDS
HN,HONDURAS
HR,CROATIA
HT,HAITI
HU,HUNGARY
ID,"INDONESIA (ID+TP from 77,excl. TP -> 2001)"
IE,IRELAND
IL,ISRAEL (GAZA and JERICHO->1994)
IN,INDIA
IO,BRITISH INDIAN OCEAN TERRITORY
IQ,IRAQ
IR,"IRAN, ISLAMIC REPUBLIC OF"
IS,ICELAND
IT,ITALY
JM,JAMAICA
JO,JORDAN
JP,JAPAN
KE,KENYA
KG,"KYRGYZ, REPUBLIC (ex KYRGYZSTAN->2005)"
KH,CAMBODIA (ex KAMPUCHEA)
KI,KIRIBATI (+PN->1980);(->1979:BR.O.)
KM,COMOROS (incl. MAYOTTE ->1976)
KN,ST KITTS AND NEVIS
KP,"KOREA, DEMOCRATIC PEOPLE'S REPUBLIC OF ( NORTH KOREA)"
KR,"KOREA, REPUBLIC OF (SOUTH KOREA)"
KW,KUWAIT
KY,CAYMAN ISLANDS
KZ,KAZAKHSTAN
LA,LAO PEOPLE'S DEMOCRATIC REPUBLIC (LAOS)
LB,LEBANON
LC,ST LUCIA
LI,LIECHTENSTEIN
LK,SRI LANKA (ex CEYLAN)
LR,LIBERIA
LS,LESOTHO
LT,LITHUANIA
LU,LUXEMBOURG
LV,LATVIA
LY,LIBYAN ARAB JAMAHIRIYA (LIBYA)
MA,MOROCCO
MD,"MOLDOVA, REPUBLIC OF"
ME,MONTENEGRO
MG,MADAGASCAR
MH,MARSHALL ISLANDS
MK,NORTH MACEDONIA
ML,MALI
MM,MYANMAR (BURMA)
MN,MONGOLIA
MO,MACAO
MP,NORTHERN MARIANA ISLANDS
MQ,MARTINIQUE
MR,MAURITANIA (incl.Sp SAH.from 1977)
MS,MONTSERRAT
MT,MALTA
MU,MAURITIUS
MV,MALDIVES
MW,MALAWI
MX,MEXICO
MY,MALAYSIA
MZ,MOZAMBIQUE
NA,NAMIBIA
NC,NEW CALEDONIA
NE,NIGER
NF,NORFOLK ISLAND
NG,NIGERIA
NI,NICARAGUA
NL,NETHERLANDS
NO,"NORWAY (incl.SJ excl.1995,1996)"
NP,NEPAL
NR,NAURU
NU,NIUE
NZ,NEW ZEALAND
OM,OMAN
PA,PANAMA (excl. CANAL ->1980)
PE,PERU
PF,FRENCH POLYNESIA
PG,PAPUA NEW GUINEA
PH,PHILIPPINES
PK,PAKISTAN
PL,POLAND
PM,SAINT PIERRE AND MIQUELON
PN,PITCAIRN
PS,OCCUPIED PALESTINIAN TERRITORY (WEST BANK -INCLUDING EAST JERUSALEM AND GAZA STRIP)
PT,PORTUGAL
PW,PALAU
PY,PARAGUAY
PZ,PANAMA CANAL
QA,QATAR
QP,HIGH SEAS
QQ,STORES AND PROVISIONS
QR,STORES AND PROVISIONS WITHIN THE FRAMEWORK OF INTRA-COMMUNITY TRADE
QS,STORES AND PROVISIONS WITHIN THE FRAMEWORK OF TRADE WITH THIRD COUNTRIES
QT,"WEST INDIES (+DM,LC,VC->1979,AG->1982)"
QU,COUNTRIES AND TERRITORIES NOT SPECIFIED
QV,COUNTRIES AND TERRITORIES NOT SPECIFIED IN THE FRAMEWORK OF INTRA-COMMUNITY TRADE
QW,COUNTRIES AND TERRITORIES NOT SPECIFIED WITHIN THE FRAMEWORK OF TRADE WITH THIRD COUNTRIES
QX,COUNTRIES AND TERRITORIES NOT SPECIFIED FOR COMMERCIAL OR MILITARY REASONS
QY,COUNTRIES AND TERRITORIES NOT SPECIFIED FOR COMMERCIAL OR MILITARY REASONS IN THE RAMEWORK OF INTRA-COMMUNITY TRADE
QZ,COUNTRIES AND TERRITORIES NOT SPECIFIED FOR COMMERCIAL OR MILITARY REASONS IN THE FRAMEWORK OF TRADE WITH THIRD COUNTRIES
RE,REUNION
RO,ROMANIA
RU,RUSSIAN FEDERATION (RUSSIA)
RW,RWANDA
SA,SAUDI ARABIA
SB,SOLOMON ISLANDS
SC,SEYCHELLES
SD,SUDAN
SE,SWEDEN
SG,SINGAPORE
SH,SAINT HELENA
SI,SLOVENIA
SJ,SVALBARD
SK,SLOVAKIA
SL,SIERRA LEONE
SM,SAN MARINO
SN,SENEGAL
SO,SOMALIA
SR,SURINAME (ex DUTCH GUIANA)
SS,SOUTH SUDAN
ST,SAO TOME AND PRINCIPE
SU,SOVIET UNION
SV,EL SALVADOR
SX,SINT MAARTEN (DUTCH PART)
SY,SYRIAN ARAB REPUBLIC (SYRIA)
SZ,SWAZILAND (NGWANE)
TC,TURKS AND CAICOS ISLANDS
TD,CHAD
TF,FRENCH SOUTHERN TERRITORIES
TG,TOGO
TH,THAILAND
TJ,TAJIKISTAN
TK,TOKELAU
TL,TIMOR-LESTE
TM,TURKMENISTAN
TN,TUNISIA
TO,TONGA
TP,EAST TIMOR (ex PORTUGESE TIMOR 1976)
TR,TURKEY
TT,TRINIDAD AND TOBAGO
TV,TUVALU
TW,TAIWAN
TZ,"TANZANIA, UNITED REPUBLIC OF"
UA,UKRAINE
UG,UGANDA
UM,UNITED STATES MINOR OUTLYING ISLANDS
US,UNITED STATES
UY,URUGUAY
UZ,UZBEKISTAN
VA,HOLY SEE (VATICAN CITY STATE ->2005)
VC,ST VINCENT AND THE GRENADINES
VD,NORTH  VIETNAM
VE,VENEZUELA
VG,"VIRGIN ISLANDS, BRITISH (and MONTSERRAT->1994)"
VI,VIRGIN ISLANDS (US)
VN,VIETNAM (excl. NORTH -> 1976)
VU,VANUATU (NEW HEBRIDES -> 1980)
WF,WALLIS AND FUTUNA
WS,SAMOA (ex WESTERN SAMOA)
XA,"AMERICAN OCEANIA (incl. FM,MH ->1991)"
XB,CANARY ISLANDS
XC,CEUTA (incl. MELILLA -> 1998)
XK,KOSOVO (EU data from 01/06/05 ex CS)
XL,MELILLA
XM,MONTENEGRO (EU data from 01/06/05 ex CS)
XO,AUSTRALIAN OCEANIA
XP,WEST BANK and GAZA STRIP
XR,POLAR REGIONS
XS,SERBIA (EU data from 01/06/05 ex CS)
XZ,NEW ZEALAND OCEANIA
YD,SOUTH YEMEN
YE,YEMEN  (excl. SOUTH -> 1990) (ex NORTH YEMEN AND SOUTH YEMEN)
YT,MAYOTTE
YU,"YUGOSLAVIA (incl. SI,HR,BA ->1991,Serbia+Montenegro 93-96, Feder Rep of Yug 97-99)"
ZA,SOUTH AFRICA (incl. NA ->1989)
ZM,ZAMBIA
ZW,ZIMBABWE (RHODESIA ->1980)
ZZ,"NO DATA, WORK CODE"
